epoch,timestamp,global_step,loss,loss_std,loss_min,loss_max,learning_rate,grad_norm,epoch_time_sec
1,2026-09-29T21:33:21.934623+00:00,235,0.5520690271194946,0.2748507540332307,0.3540216088294983,1.7803395986557007,0.00010459574468085112,0.7423231129316573,419.93252681102604
2,2026-09-29T22:47:48.919900+00:00,470,0.3672534645871914,0.025494284139044355,0.3030582368373871,0.4292495846748352,0.0001054042553191441,0.4328512514525272,445.0297955600545
3,2026-09-29T22:55:07.961998+00:00,705,0.3030424081264657,0.014777844539026282,0.2675947844982147,0.3474183976650238,0.00010459574468084621,0.37430327217629616,425.0615757377818
4,2026-09-29T23:02:11.620600+00:00,940,0.2888173355701122,0.011530600426297572,0.2546943724155426,0.3199039399623871,0.00010540425531914438,0.38121444779507657,421.7561358381063
5,2026-09-29T23:09:18.569688+00:00,1175,0.27035051248175046,0.011512193508243656,0.23155677318572998,0.3000906705856323,0.0001045957446808466,0.3761795699596405,424.39539981493726
6,2026-09-29T23:16:21.363011+00:00,1410,0.26575221539811883,0.010425767598575324,0.24569648504257202,0.2928171157836914,0.00010540425531914386,0.41091539904158164,421.10182115714997
7,2026-09-29T23:23:26.744332+00:00,1645,0.25737915026380653,0.01017642302422918,0.22829510271549225,0.29309654235839844,0.00010459574468084613,0.3681529939808744,423.98768038116395
8,2026-09-29T23:30:30.464532+00:00,1880,0.2539416914924663,0.009191211913943906,0.22677956521511078,0.2778642475605011,0.00010540425531914443,0.43101999905515226,420.90026233298704
9,2026-09-29T23:37:35.026458+00:00,2115,0.24824960726372736,0.010276995329551576,0.21872828900814056,0.2748072147369385,0.00010459574468084677,0.3455569265370673,422.7967664077878
10,2026-09-29T23:44:37.173335+00:00,2350,0.24713078756281678,0.009353945039614425,0.2195548117160797,0.282514363527298,0.00010540425531914401,0.39104800072122126,420.4715054119006
11,2026-09-29T23:51:46.500218+00:00,2585,0.24336024668622516,0.009729185787210147,0.2188185751438141,0.27358677983283997,0.00010459574468084635,0.3592259476159481,427.0985183590092
12,2026-09-29T23:58:49.937246+00:00,2820,0.24194252947543518,0.009789075548914422,0.21289357542991638,0.26749947667121887,0.00010540425531902598,0.36513074211617735,421.1713980892673
13,2026-09-30T00:05:53.750387+00:00,3055,0.23867002116872912,0.009400131063053388,0.21193793416023254,0.2690748870372772,0.00010459574468072943,0.363290470267864,422.1279299207963
14,2026-09-30T00:12:55.896420+00:00,3290,0.23781818506565508,0.009332264141361606,0.21728205680847168,0.262981653213501,0.00010540425531914263,0.3464830020640759,420.5336220962927
15,2026-09-30T00:19:57.879363+00:00,3525,0.23619353130776832,0.009691744239179366,0.21419654786586761,0.2626788914203644,0.00010459574468084509,0.3484377665722624,420.54391112038866
16,2026-09-30T00:27:08.446508+00:00,3760,0.23415464733509317,0.01012364887541194,0.21129350364208221,0.2658637762069702,0.00010540425531902609,0.3605601680405596,428.21902380976826
17,2026-09-30T00:34:14.392682+00:00,3995,0.23357954050632235,0.009496609080067522,0.20423433184623718,0.2618674337863922,0.0001045957446807295,0.3414224656338387,424.5408837017603
18,2026-09-30T00:41:20.230542+00:00,4230,0.2316337380003422,0.009448831904403179,0.20065684616565704,0.2592563033103943,0.00010540425531914398,0.34879789092439284,424.34963101986796
19,2026-09-30T00:48:22.272350+00:00,4465,0.2319127483570829,0.008245299304158286,0.21103408932685852,0.25707924365997314,0.0001045957446808465,0.3608581561357417,420.4715319350362
20,2026-09-30T00:55:24.020386+00:00,4700,0.2297797610151007,0.008997231026304932,0.20522409677505493,0.25948357582092285,0.00010540425531914454,0.34740964979567424,420.2090094652958
21,2026-09-30T01:02:26.083360+00:00,4935,0.22845677619284777,0.008576188723773682,0.20490458607673645,0.25275275111198425,0.00010459574468084705,0.32554775311591777,420.509977446869
22,2026-09-30T01:09:28.396532+00:00,5170,0.22813915141085356,0.008379614700039248,0.20555180311203003,0.24984963238239288,0.00010540425531926246,0.35688459835153946,420.8631452023983
23,2026-09-30T01:16:30.718919+00:00,5405,0.22742051222222917,0.00854082615723818,0.20001119375228882,0.25143590569496155,0.00010459574468096392,0.31734258063296056,420.91717049572617
24,2026-09-30T01:23:33.425202+00:00,5640,0.2261528025282191,0.009280295474317123,0.2025606334209442,0.24952572584152222,0.00010540425531914573,0.32644807201750736,420.668307911139
25,2026-09-30T01:30:35.335210+00:00,5875,0.2263952489228959,0.007909992479983315,0.20637181401252747,0.25230032205581665,0.00010459574468084822,0.32615713832226206,420.498524564784
26,2026-09-30T01:37:37.158319+00:00,6110,0.22475292086601262,0.008794873673239835,0.20470653474330902,0.25552424788475037,0.00010540425531926194,0.3196560113988024,420.27001345995814
27,2026-09-30T01:44:39.900902+00:00,6345,0.2245171426458562,0.009059627267530252,0.20071449875831604,0.24980922043323517,0.00010459574468096348,0.3360972337266232,421.3142687869258
28,2026-09-30T01:51:42.503615+00:00,6580,0.2240846410076669,0.008419268755795694,0.2017887979745865,0.2500147521495819,0.0001054042553190256,0.3247711936844156,420.3580391132273
29,2026-09-30T01:58:45.218922+00:00,6815,0.22329727893180032,0.009141665138053128,0.1986367255449295,0.24712640047073364,0.00010459574468072923,0.329463843462315,421.3397407429293
30,2026-09-30T02:05:49.373277+00:00,7050,0.22240982474164767,0.008760511022404651,0.1977790892124176,0.2587856948375702,0.00010540425531914797,0.3278373753770869,422.7314280150458
